<?xml version="1.0" encoding="UTF-8"?>
<!-- Copyright 2018 Simone Rubino - Agile Business Group
     License AGPL-3.0 or later (https://www.gnu.org/licenses/agpl). -->
<odoo>
    <record model="qc.trigger" id="qc_trigger_mrp">
        <field name="name">Production done</field>
        <field name="company_id"/>
    </record>

    <record id="req_link_mrp_production" model="res.request.link">
        <field name="name">Manufacturing Order</field>
        <field name="object">mrp.production</field>
    </record>
</odoo>
