<?xml version="1.0" encoding="utf-8"?>
<odoo>
    <data>
        <template id="fency_report_invoice_document">
            <t t-if="o and 'company_id' in o">
                <t t-set="company" t-value="o.company_id"></t>
            </t>
            <t t-if="not o or not 'company_id' in o">
                <t t-set="company" t-value="res_company"></t>
            </t>
            <div class="header">
                <div class="row mt32 mb32">
                    <div class="col-6">
                        <img t-if="company.logo" t-att-src="'data:image/png;base64,%s' % to_text(company.logo)"
                             style="max-height: 50px;"/>
                    </div>
                    <div class="col-6 text-right" style="font:12px lucida-console,sans-serif !important;">
                        <span t-field="company.partner_id"/>
                        <br/>
                        <span t-field="company.partner_id.street"/>
                        <br/>
                        <span t-field="company.partner_id.street2"/>
                        <br/>
                        <span t-field="company.partner_id.city"/>
                        <br/>
                        <span t-field="company.partner_id.country_id"/>
                        <br/>
                        <span t-field="company.partner_id.vat"/>
                        <br/>
                    </div>
                </div>
            </div>

            <t t-call="web.external_layout">
                <t t-set="o" t-value="o.with_context({'lang':o.partner_id.lang})"/>
                <div class="page">

                    <div style=" background-color:  #3498DB;">
                        <h2>
                            <span t-if="o.move_type == 'out_invoice' and (o.state == 'draft' or o.state == 'posted')">
                                <font color="#fff">Invoice</font>
                            </span>
                            <span t-if="o.move_type == 'out_invoice' and o.state == 'proforma2'">
                                <font color="#fff">PRO-FORMA</font>
                            </span>
                            <span t-if="o.move_type == 'out_invoice' and o.state == 'draft'">
                                <font color="#fff">Draft Invoice</font>
                            </span>
                            <span t-if="o.move_type == 'out_invoice' and o.state == 'cancel'">
                                <font color="#fff">Cancelled Invoice</font>
                            </span>
                            <span t-if="o.move_type == 'out_refund'">
                                <font color="#fff">Refund</font>
                            </span>
                            <span t-if="o.move_type == 'in_refund'">
                                <font color="#fff">Vendor Refund</font>
                            </span>
                            <span t-if="o.move_type == 'in_invoice'">
                                <font color="#fff">Vendor Bill</font>
                            </span>
                            <font color="#fff">
                                <span t-field="o.name"/>
                            </font>
                        </h2>

                        <div class="row mt32 mb32">

                            <div class="col-3" t-if="o.invoice_date">
                                <font color="#fff">
                                    <strong>Invoice Date:</strong>
                                    <p t-field="o.invoice_date"/>
                                </font>
                            </div>

                            <div class="col-3"
                                 t-if="o.invoice_date_due and o.move_type == 'out_invoice' and (o.state == 'draft' or o.state == 'posted')">
                                <font color="#fff">
                                    <strong>Due Date:</strong>
                                    <p t-field="o.invoice_date_due"/>
                                </font>
                            </div>
                            <div class="col-3" t-if="o.invoice_payment_term_id">
                                <font color="#fff">
                                    <strong>Payment Term:</strong>
                                    <p t-field="o.invoice_payment_term_id"/>
                                </font>
                            </div>

                            <div class="col-3" t-if="o.user_id">
                                <font color="#fff">
                                    <strong>SalesPerson:</strong>
                                    <p t-field="o.user_id"/>
                                </font>
                            </div>
                        </div>
                    </div>
                    <div style="padding-top:20px;">
                        <div class="col-3" style="font:15px lucida-console,sans-serif !important;">
                            <strong>Customer Address</strong>
                            <br/>
                            <span style="color:#3498DB !important;" t-field="o.partner_id"/>
                            <br/>
                            <span style="color:gray !important;" t-field="o.partner_id.street"/>
                            <br/>
                            <span style="color:gray !important;" t-field="o.partner_id.street2"/>
                            <br/>
                            <span style="color:gray !important;" t-field="o.partner_id.city"/>
                            <br/>
                            <span style="color:gray !important;" t-field="o.partner_id.country_id"/>
                            <br/>
                            <span style="color:gray !important;" t-field="o.partner_id.vat"/>
                            <br/>
                        </div>
                        <div style="padding-top:20px;"></div>
                        <!-- Is there a discount on at least one line? -->
                        <t t-set="display_discount" t-value="any([l.discount for l in o.invoice_line_ids])"/>

                        <table class="table table-sm">
                            <thead>
                                <tr>
                                    <th style="background-color:#3498DB !important;color:#FFF !important;">Description
                                    </th>
                                    <th class="text-right"
                                        style="background-color:#3498DB !important;color:#FFF !important;">Quantity
                                    </th>
                                    <th class="text-right"
                                        style="background-color:#3498DB !important;color:#FFF !important;">Unit Price
                                    </th>
                                    <th t-if="display_discount" class="text-right"
                                        groups="sale.group_discount_per_so_line"
                                        style="background-color:#3498DB !important;color:#FFF !important;">Disc.(%)
                                    </th>
                                    <th class="text-right"
                                        style="background-color:#3498DB !important;color:#FFF !important;">Taxes
                                    </th>
                                    <th class="text-right"
                                        style="background-color:#3498DB !important;color:#FFF !important;">Price
                                    </th>
                                </tr>
                            </thead>
                            <tbody class="invoice_tbody">
                                <tr t-foreach="o.invoice_line_ids" t-as="l">
                                    <td>
                                        <span t-field="l.name"/>
                                    </td>
                                    <td class="text-right">
                                        <span t-field="l.quantity"/>
                                        <span t-field="l.uom_id" groups="product.group_uom"/>
                                    </td>
                                    <td class="text-right">
                                        <span t-field="l.price_unit"/>
                                    </td>
                                    <td t-if="display_discount" class="text-right"
                                        groups="sale.group_discount_per_so_line">
                                        <span t-field="l.discount"/>
                                    </td>
                                    <td>
                                        <span t-esc="', '.join(map(lambda x: (x.description or x.name), l.tax_ids))"/>
                                    </td>
                                    <td class="text-right">
                                        <span t-field="l.price_subtotal"
                                              t-field-options='{"widget": "monetary", "display_currency": "o.currency_id"}'/>
                                    </td>
                                </tr>
                            </tbody>
                        </table>
                    </div>

                    <div>
                        <div class="col-4 pull-right">
                            <table class="table table-condensed">
                                <tr class="border-black">
                                    <td>
                                        <strong>Subtotal</strong>
                                    </td>
                                    <td class="text-right">
                                        <span t-field="o.amount_untaxed"
                                              t-field-options='{"widget": "monetary", "display_currency": "o.currency_id"}'/>
                                    </td>
                                </tr>
                                <t t-foreach="payments_vals" t-as="payment_vals">
                                     <tr>
                                         <td><i class="oe_form_field text-right oe_payment_label">Paid on <t t-esc="payment_vals['date']" t-options='{"widget": "date"}'/></i></td>
                                         <td class="text-right">
                                             <span t-esc="payment_vals['amount']" t-options='{"widget": "monetary", "display_currency": o.currency_id}'/>>
                                         </td>
                                     </tr>
                                 </t>
                                <tr class="border-black">
                                    <td>
                                        <strong>Total</strong>
                                    </td>
                                    <td class="text-right">
                                        <span t-field="o.amount_total"
                                              t-field-options='{"widget": "monetary", "display_currency": "o.currency_id"}'/>
                                    </td>
                                </tr>
                            </table>
                        </div>
                    </div>
                    <div style="padding-top:50px;">
                    </div>
                    <p t-if="o.narration">
                        <strong>Comment:</strong>
                        <span t-field="o.narration"/>
                    </p>
                    <p t-if="o.paypal_chk">
                        <strong style="color:#3498DB !important;">Paypal Account Details</strong>
                        <br/>
                        <span>Paypal Id :</span>
                        <span style="color:gray !important;" t-field="o.paypal_id"/>
                    </p>
                    <p t-if="o.paypal_chk == False">
                        <strong style="color:#3498DB !important;">Bank Account Details</strong>
                        <br/>
                        <span>Account Id :</span>
                        <span style="color:gray !important;" t-field="o.company_id.bank_account_id.acc_number"/>
                        <br/>
                        <span>Bank Name :</span>
                        <span style="color:gray !important;" t-field="o.company_id.bank_account_id.bank_id.name"/>
                        <br/>
                        <span>Branch Name/Address :</span>
                        <span style="color:gray !important;" t-field="o.company_id.bank_account_id.branch_name"/>
                        <br/>
                        <span style="color:gray !important;" t-field="o.company_id.bank_account_id.street"/>
                        <br/>
                        <span style="color:gray !important;" t-field="o.company_id.bank_account_id.street2"/>
                        <span>,</span>
                        <span style="color:gray !important;" t-field="o.company_id.bank_account_id.city"/>
                        <span>,</span>
                        <span style="color:gray !important;" t-field="o.company_id.bank_account_id.zip"/>
                        <br/>
                        <span style="color:gray !important;" t-field="o.company_id.bank_account_id.state_id"/>
                        <span>,</span>
                        <span style="color:gray !important;" t-field="o.company_id.bank_account_id.country_id"/>
                        <br/>
                        <span>Swift Code :</span>
                        <span style="color:gray !important;" t-field="o.company_id.bank_account_id.swift_code"/>
                        <br/>
                        <span>IFSC Code :</span>
                        <span style="color:gray !important;" t-field="o.company_id.bank_account_id.ifsc"/>
                        <br/>

                    </p>
                    <p t-if="o.fiscal_position_id.note">
                        <strong>Fiscal Position Remark:</strong>
                        <span t-field="o.fiscal_position_id.note"/>
                    </p>
                </div>
            </t>
        </template>


        <template id="account.report_invoice_with_payments">
            <t t-call="web.html_container">
                <t t-foreach="docs" t-as="o">
                    <t t-set="lang" t-value="o.invoice_user_id.sudo().lang if o.move_type in ('in_invoice', 'in_refund') else o.partner_id.lang"/>
                    <t t-set="print_with_payments" t-value="True"/>
                    <t t-if="o.company_id.account_template == 'fency' ">                    
                        <t t-call="bi_professional_reports_templates.fency_report_invoice_document" t-lang="lang"/>
                    </t>
                    <t t-if="o.company_id.account_template == 'classic' ">
                        <t t-call="bi_professional_reports_templates.classic_report_invoice_document"
                               t-lang="o.partner_id.lang"/>
                    </t>
                    <t t-if="o.company_id.account_template == 'modern' ">
                        <t t-call="bi_professional_reports_templates.modern_report_invoice_document"
                               t-lang="o.partner_id.lang"/>
                    </t>
                    <t t-if="o.company_id.account_template == 'odoo_standard' ">
                        <t t-call="bi_professional_reports_templates.odoo_std_report_invoice_document"
                               t-lang="o.partner_id.lang"/>
                    </t>
                </t>
            </t>
        </template>


    

<!-- 
        <template id="account.report_invoice">
            <t t-call="web.html_container">
                <t t-foreach="docs" t-as="o">
                    <t t-set="lang" t-value="o.invoice_user_id.sudo().lang if o.move_type in ('in_invoice', 'in_refund') else o.partner_id.lang"/>
                    <t t-set="print_with_payments" t-value="True"/>
                    <t t-if="o.company_id.account_template == 'fency' ">
                        <t t-call="bi_professional_reports_templates.fency_report_invoice_document"
                           t-lang="o.partner_id.lang"/>
                    </t>
                    <t t-if="o.company_id.account_template == 'classic' ">
                        <t t-call="bi_professional_reports_templates.classic_report_invoice_document"
                           t-lang="o.partner_id.lang"/>
                    </t>
                    <t t-if="o.company_id.account_template == 'modern' ">
                        <t t-call="bi_professional_reports_templates.modern_report_invoice_document"
                           t-lang="o.partner_id.lang"/>
                    </t>
                    <t t-if="o.company_id.account_template == 'odoo_standard' ">
                        <t t-call="bi_professional_reports_templates.odoo_std_report_invoice_document"
                           t-lang="o.partner_id.lang"/>
                    </t>
                </t>
            </t>
        </template> -->

    </data>
</odoo>
